{
 "method": "platt",
 "a": 3.3967014211246394,
 "b": -1.920943927539426,
 "iso_knots_x": [
  0.0,
  0.0,
  0.98,
  0.98,
  0.98,
  0.98,
  0.98
 ],
 "iso_knots_y": [
  0.07142857142857142,
  0.14754098360655732,
  0.6,
  0.6,
  0.8947368421052632,
  1.0,
  1.0
 ]
}