{
 "levels": [
  0.0,
  0.02,
  0.05,
  0.08,
  0.12,
  0.18,
  0.25
 ],
 "amount_acc": [
  1.0,
  0.775,
  0.6666666666666666,
  0.825,
  0.5166666666666667,
  0.11666666666666667,
  0.4166666666666667
 ],
 "agreement": [
  1.0,
  0.4,
  0.3,
  0.225,
  0.275,
  0.225,
  0.075
 ]
}